{"cameraMode":{"drawMode":0,"name":"Shaded","section":"Shading Mode"},"sceneLighting":true,"audioPlay":false,"sceneViewState":{"m_AlwaysRefresh":false,"showFog":true,"showSkybox":true,"showFlares":true,"showImageEffects":true,"showParticleSystems":true,"showVisualEffectGraphs":true,"m_FxEnabled":true},"in2DMode":false,"pivot":{"x":4.519001007080078,"y":0.8270001411437988,"z":-10.482000350952149},"rotation":{"x":0.24862515926361085,"y":-0.5435702800750732,"z":0.17262327671051026,"w":0.782890796661377},"size":1.7447195053100587,"orthographic":false}