{"cameraMode":{"drawMode":0,"name":"Shaded","section":"Shading Mode"},"sceneLighting":true,"audioPlay":false,"sceneViewState":{"m_AlwaysRefresh":false,"showFog":true,"showSkybox":true,"showFlares":true,"showImageEffects":true,"showParticleSystems":true,"showVisualEffectGraphs":true,"m_FxEnabled":true},"in2DMode":false,"pivot":{"x":1.1298993825912476,"y":6.5884833335876469,"z":-2.9785268306732179},"rotation":{"x":-0.09333112090826035,"y":-0.32753315567970278,"z":-0.03253212571144104,"w":0.939656674861908},"size":10.978721618652344,"orthographic":false}