{"cameraMode":{"drawMode":0,"name":"Shaded","section":"Shading Mode"},"sceneLighting":false,"audioPlay":false,"sceneViewState":{"m_AlwaysRefresh":false,"showFog":true,"showSkybox":false,"showFlares":true,"showImageEffects":true,"showParticleSystems":true,"showVisualEffectGraphs":true,"m_FxEnabled":true},"in2DMode":false,"pivot":{"x":-1.3701403141021729,"y":3.8810253143310549,"z":0.9135487079620361},"rotation":{"x":0.1993374079465866,"y":0.23832759261131288,"z":-0.050050586462020877,"w":0.9491881728172302},"size":7.419373989105225,"orthographic":true}