{"cameraMode":{"drawMode":0,"name":"Shaded","section":"Shading Mode"},"sceneLighting":false,"audioPlay":false,"sceneViewState":{"m_AlwaysRefresh":false,"showFog":true,"showSkybox":false,"showFlares":true,"showImageEffects":true,"showParticleSystems":true,"showVisualEffectGraphs":true,"m_FxEnabled":true},"in2DMode":false,"pivot":{"x":0.176055908203125,"y":5.044926166534424,"z":-0.6418190002441406},"rotation":{"x":0.2317659705877304,"y":0.029178086668252946,"z":-0.006955096498131752,"w":0.9723085761070252},"size":39.17221450805664,"orthographic":true}